title,picture,url,media,press,campaign,og_image,corrected_name
Pregnant women less likely to be sent to prison under new guidelines,https://static.independent.co.uk/2024/03/07/16/PA-1966228.jpg?quality=75&width=1200&auto=webp,https://www.independent.co.uk/news/uk/home-news/pregnant-women-prison-sentencing-council-b2513473.html,independent.co.uk,Yes,PREGNANCY IN PRISON,https://static.independent.co.uk/2024/03/07/16/PA-1966228.jpg?quality=75&width=1200&auto=webp,The Independent
Pregnancy and maternity to be new mitigating factor for sentencing offenders,https://static.standard.co.uk/2024/03/18/00/b3fb4274b47218418a22b675ab382eafY29udGVudHNlYXJjaGFwaSwxNzEwNjk5OTIx-2.36732601.jpg?width=1200&auto=webp&quality=75,https://www.standard.co.uk/news/crime/prison-nhs-england-pregnancy-surrey-b1145886.html#,standard.co.uk,Yes,PREGNANCY IN PRISON,https://static.standard.co.uk/2024/03/18/00/b3fb4274b47218418a22b675ab382eafY29udGVudHNlYXJjaGFwaSwxNzEwNjk5OTIx-2.36732601.jpg?width=1200&auto=webp&quality=75,The Evening Standard
Woman whose baby was stillborn in HMP Styal praises sentencing changes,https://www.welevelup.org/wp-content/uploads/2024/03/Screenshot-2024-03-20-at-16.06.58.png,https://amp.theguardian.com/law/2024/mar/18/woman-baby-stillborn-hmp-styal-prison-sentencing-guidance,The Guardian,Yes,PREGNANCY IN PRISON,,The Guardian
Should pregnant women be spared jail? Sentencing Council reviews the impact of prison on unborn babies,https://e3.365dm.com/23/10/1600x900/skynews-women-in-prison-behind-bars_6332766.jpg?20231023160027,https://news.sky.com/story/should-pregnant-women-be-spared-jail-sentencing-council-reviews-the-impact-of-prison-on-unborn-babies-12991044,Sky News,Yes,PREGNANCY IN PRISON,https://e3.365dm.com/23/10/1600x900/skynews-women-in-prison-behind-bars_6332766.jpg?20231023160027,Sky News
"Pregnant women are being forced to give birth in prison, affecting their own and their children’s life chances. Janey Starling explains why no woman should be imprisoned in pregnancy.",https://neweconomics.org/uploads/images/_1200x630_crop_center-center_82_none/iStock-860845028.jpg?mtime=1697555497,https://neweconomics.org/2023/10/pregnant-in-prison,New Economics Foundation,Yes,PREGNANCY IN PRISON,https://neweconomics.org/uploads/images/_1200x630_crop_center-center_82_none/iStock-860845028.jpg?mtime=1697555497,New Economics Foundation
"Different chemistries have been designed to turn curly hair straight, but in all cases questions remain about their safety, finds Rachel Brazil",https://d2cbg94ubxgsnp.cloudfront.net/Pictures/1024x536/4/4/0/527440_gettyimages554999647_138537_crop.jpg,https://www.chemistryworld.com/features/are-hair-relaxers-damaging-to-health/4017658.article,Chemistry World,Yes,TOXIC CHEMICALS IN HAIR RELAXERS,https://d2cbg94ubxgsnp.cloudfront.net/Pictures/1024x536/4/4/0/527440_gettyimages554999647_138537_crop.jpg,Chemistry World
New data on prisons has added to calls by campaigners to end custodial sentences for expectant mothers,https://i.guim.co.uk/img/media/36e1024599d865154ab4efefde5f3dcd87b0cc66/0_196_9528_5716/master/9528.jpg?width=1200&height=630&quality=85&auto=format&fit=crop&overlay-align=bottom%2Cleft&overlay-width=100p&overlay-base64=L2ltZy9zdGF0aWMvb3ZlcmxheXMvdG8tZGVmYXVsdC5wbmc&enable=upscale&s=a58a049b07d8573ba264d5bf45654484,https://www.theguardian.com/society/2023/oct/28/revealed-one-in-three-jailed-pregnant-women-in-england-and-wales-still-to-face-trial,the Guardian,Yes,PREGNANCY IN PRISON,https://i.guim.co.uk/img/media/36e1024599d865154ab4efefde5f3dcd87b0cc66/0_196_9528_5716/master/9528.jpg?width=1200&height=630&quality=85&auto=format&fit=crop&overlay-align=bottom%2Cleft&overlay-width=100p&overlay-base64=L2ltZy9zdGF0aWMvb3ZlcmxheXMvdG8tZGVmYXVsdC5wbmc&enable=upscale&s=a58a049b07d8573ba264d5bf45654484,The Guardian
Mum whose baby died in prison blasts ‘cruel system’ as coroner rejects report,https://static.standard.co.uk/2023/11/14/17/42/prison%20.jpg?width=1200&auto=webp&quality=75,https://www.standard.co.uk/news/crime/mother-rianna-cleary-baby-died-prison-coroner-bronzefield-woking-surrey-b1120332.html,standard.co.uk,Yes,PREGNANCY IN PRISON,https://static.standard.co.uk/2023/11/14/17/42/prison%20.jpg?width=1200&auto=webp&quality=75,The Evening Standard
A mother’s fight for justice after baby dies in prison,https://fournews-assets-prod-s3-ew1-nmprod.s3.amazonaws.com/media/2023/11/ZH0hNo8W_image-1-1920x1080.png,https://www.channel4.com/news/a-mothers-fight-for-justice-after-baby-dies-in-prison,Channel 4 News,Yes,PREGNANCY IN PRISON,https://fournews-assets-prod-s3-ew1-nmprod.s3.amazonaws.com/media/2023/11/ZH0hNo8W_image-1-1920x1080.png,Channel 4 News
"Young mum, 18, slams ‘cruel’ prison system as baby dies in her arms inside cell",https://i2-prod.mirror.co.uk/incoming/article27091401.ece/ALTERNATES/s1200/0_HMP-Bronzefield-report.jpg,https://www.mirror.co.uk/news/uk-news/young-mum-18-slams-cruel-31441633,The Mirror,Yes,PREGNANCY IN PRISON,https://i2-prod.mirror.co.uk/incoming/article27091401.ece/ALTERNATES/s1200/0_HMP-Bronzefield-report.jpg,The Mirror
Premier League teams are playing footballers facing abuse claims,https://ichef.bbci.co.uk/news/1024/branded_news/3EF3/production/_131851161_index-footballers-behaviour-976x549.png,https://www.bbc.com/news/uk-67508310,BBC,Yes,SEXUAL VIOLENCE IN FOOTBALL,https://ichef.bbci.co.uk/news/1024/branded_news/3EF3/production/_131851161_index-footballers-behaviour-976x549.png,BBC
Pregnant woman’s jail sentence quashed in ‘landmark’ UK ruling,https://i.guim.co.uk/img/media/ddb25121c62cb6825c4a5e5e39b08574ee1b37bf/0_0_3500_2100/master/3500.jpg?width=1200&height=630&quality=85&auto=format&fit=crop&overlay-align=bottom%2Cleft&overlay-width=100p&overlay-base64=L2ltZy9zdGF0aWMvb3ZlcmxheXMvdGctZGVmYXVsdC5wbmc&enable=upscale&s=44cfe89e79b6e51ca267dcbf18777164,https://www.theguardian.com/society/2024/jan/19/pregnant-woman-jail-sentence-quashed-in-landmark-uk-ruling,The guardian,Yes,PREGNANCY IN PRISON,https://i.guim.co.uk/img/media/ddb25121c62cb6825c4a5e5e39b08574ee1b37bf/0_0_3500_2100/master/3500.jpg?width=1200&height=630&quality=85&auto=format&fit=crop&overlay-align=bottom%2Cleft&overlay-width=100p&overlay-base64=L2ltZy9zdGF0aWMvb3ZlcmxheXMvdGctZGVmYXVsdC5wbmc&enable=upscale&s=44cfe89e79b6e51ca267dcbf18777164,The Guardian
UK prison where baby died gives women rape alarms to call for help during labour,https://i.guim.co.uk/img/media/33546bdbcc57a7d9f29030cf2bff8c4a11bfadbb/0_481_7864_4719/master/7864.jpg?width=1200&height=630&quality=85&auto=format&fit=crop&overlay-align=bottom%2Cleft&overlay-width=100p&overlay-base64=L2ltZy9zdGF0aWMvb3ZlcmxheXMvdGctZGVmYXVsdC5wbmc&enable=upscale&s=f56b28377a90663a077d5a198ad24d45,https://www.theguardian.com/society/2024/jan/21/uk-prison-hmp-bronzefield-pregnant-women-aisha-cleary,The guardian,Yes,PREGNANCY IN PRISON,https://i.guim.co.uk/img/media/33546bdbcc57a7d9f29030cf2bff8c4a11bfadbb/0_481_7864_4719/master/7864.jpg?width=1200&height=630&quality=85&auto=format&fit=crop&overlay-align=bottom%2Cleft&overlay-width=100p&overlay-base64=L2ltZy9zdGF0aWMvb3ZlcmxheXMvdGctZGVmYXVsdC5wbmc&enable=upscale&s=f56b28377a90663a077d5a198ad24d45,The Guardian
"Pregnant women and new mothers shouldn’t be sent to jail, UK public says",https://i.guim.co.uk/img/media/33546bdbcc57a7d9f29030cf2bff8c4a11bfadbb/0_241_7864_4719/master/7864.jpg?width=1200&height=630&quality=85&auto=format&fit=crop&overlay-align=bottom%2Cleft&overlay-width=100p&overlay-base64=L2ltZy9zdGF0aWMvb3ZlcmxheXMvdG8tZGVmYXVsdC5wbmc&enable=upscale&s=594ecbac1b3040cade7c5ffc70892cff,https://www.theguardian.com/society/2024/feb/24/pregnant-women-and-new-mothers-shouldnt-be-sent-to-jail-uk-public-says,The Guardian,Yes,PREGNANCY IN PRISON,https://i.guim.co.uk/img/media/33546bdbcc57a7d9f29030cf2bff8c4a11bfadbb/0_241_7864_4719/master/7864.jpg?width=1200&height=630&quality=85&auto=format&fit=crop&overlay-align=bottom%2Cleft&overlay-width=100p&overlay-base64=L2ltZy9zdGF0aWMvb3ZlcmxheXMvdG8tZGVmYXVsdC5wbmc&enable=upscale&s=594ecbac1b3040cade7c5ffc70892cff,The Guardian
Fewer pregnant women to be jailed after two babies die behind bars triggering major shift in sentencing,https://i2-prod.mirror.co.uk/incoming/article32379566.ece/ALTERNATES/s1200/1_6141927E-1F83-494F-9073-0CBBBDEA323BJPG.jpg,https://www.mirror.co.uk/news/uk-news/prisoner-biting-umbilical-cord-cell-32379333,Mirror,Yes,PREGNANCY IN PRISON,https://i2-prod.mirror.co.uk/incoming/article32379566.ece/ALTERNATES/s1200/1_6141927E-1F83-494F-9073-0CBBBDEA323BJPG.jpg,The Mirror
"An inquest has found prison failings contributed to the death of a teenager’s newborn baby, in a jail cell in Surrey. Campaigners say it raises fresh questions over whether pregnant women should be sent to prison in the first place.",https://www.inquest.org.uk/handlers/getimage.ashx?idmf=709ec8be-396d-46ef-b916-41ccda4e0528&w=1200&h=630&f=1,"https://www.inquest.org.uk/aisha-cleary-inquest-closes#:~:text=Concluding%20the%20month%2Dlong%20inquest,in%20a%20prison%20cell%20without",inquest.org.uk,Yes,PREGNANCY IN PRISON,https://www.inquest.org.uk/handlers/getimage.ashx?idmf=709ec8be-396d-46ef-b916-41ccda4e0528&w=1200&h=630&f=1,Inquest
Campaigners have demanded an end to the “high-risk” practice of sending pregnant women to prison as new figures show that nearly 200 expectant mothers were be,https://www.thetimes.co.uk/imageserver/image/%2Fmethode%2Ftimes%2Fprod%2Fweb%2Fbin%2F90744092-2c89-11ee-b33d-6d3f5a636b40.jpg?crop=1600%2C900%2C0%2C0&resize=1200,https://www.thetimes.co.uk/article/jailed-teen-lost-baby-giving-birth-alone-cutting-umbilical-cord-with-teeth-qqcwq70zt,thetimes.co.uk,Yes,PREGNANCY IN PRISON,https://www.thetimes.co.uk/imageserver/image/%2Fmethode%2Ftimes%2Fprod%2Fweb%2Fbin%2F90744092-2c89-11ee-b33d-6d3f5a636b40.jpg?crop=1600%2C900%2C0%2C0&resize=1200,The Times
Baby died after ‘vulnerable’ Black teenage mother gave birth alone in prison cell,https://www.welevelup.org/wp-content/uploads/2023/10/Screenshot-2023-10-17-at-14.40.34.png,//www.independent.co.uk/news/uk/home-news/aisha-cleary-prison-death-coroner-b2383719.html,The Independent,Yes,PREGNANCY IN PRISON,,The Independent
Teen found holding dead baby in cell after biting through umbilical cord,https://i2-prod.mirror.co.uk/incoming/article27091401.ece/ALTERNATES/s1200/0_HMP-Bronzefield-report.jpg,https://www.mirror.co.uk/news/uk-news/blood-covered-teen-found-holding-30576184,The mirror,Yes,PREGNANCY IN PRISON,https://i2-prod.mirror.co.uk/incoming/article27091401.ece/ALTERNATES/s1200/0_HMP-Bronzefield-report.jpg,
"Two babies have died in England’s prisons in recent years, and pregnant women have appalling stories to tell",https://wp.inews.co.uk/wp-content/uploads/2023/10/SEI_174399754.jpg?crop=0px%2C73px%2C2500px%2C1411px&resize=1200%2C675,https://inews.co.uk/opinion/doctors-agree-that-prison-isnt-safe-for-pregnant-women-so-why-are-we-still-locking-them-up-2657607,inews.co.uk,Yes,PREGNANCY IN PRISON,https://wp.inews.co.uk/wp-content/uploads/2023/10/SEI_174399754.jpg?crop=0px%2C73px%2C2500px%2C1411px&resize=1200%2C675,iNews
Dozens of women accused of illegal abortions face police investigations,https://static.independent.co.uk/s3fs-public/thumbnails/image/2014/01/25/11/Pills.jpg?quality=75&width=1200&auto=webp,https://www.independent.co.uk/news/uk/home-news/abortions-police-investigation-women-b2358894.html,independent.co.uk,Yes,ABORTION IS HEALTHCARE,https://static.independent.co.uk/s3fs-public/thumbnails/image/2014/01/25/11/Pills.jpg?quality=75&width=1200&auto=webp,The Independent
Anna was terrified she might lose her first-born while pregnant in prison. She says the BBC show Time is an accurate representation of her harrowing experience,https://wp.inews.co.uk/wp-content/uploads/2023/11/SEI_178513859.jpg?w=1200&h=675&crop=1,https://inews.co.uk/inews-lifestyle/the-guilt-i-feel-for-having-my-son-in-that-environment-is-unreal-what-its-like-to-give-birth-in-prison-2729284,inews.co.uk,Yes,PREGNANCY IN PRISON,https://wp.inews.co.uk/wp-content/uploads/2023/11/SEI_178513859.jpg?w=1200&h=675&crop=1,iNews
Women on remand more likely to self-harm | Prison Reform Trust,https://prisonreformtrust.org.uk/wp-content/uploads/2022/08/10-holloway-8549-edited.jpg,"https://prisonreformtrust.org.uk/women-on-remand-more-likely-to-self-harm/#:~:text=In%202021%2C%20over%20half%20of,two%20in%20five%20(43%25).",Prison Reform Trust,Yes,PREGNANCY IN PRISON,https://prisonreformtrust.org.uk/wp-content/uploads/2022/08/10-holloway-8549-edited.jpg,
L’Oréal Urged To Withdraw Hair Relaxers From Possible Link To Cancer | FOX SOUL’s Black Report,https://i.ytimg.com/vi/ZuD2IWFgPLA/maxresdefault.jpg,https://www.youtube.com/watch?v=ZuD2IWFgPLA,youtube,Yes,TOXIC CHEMICALS IN HAIR RELAXERS,https://i.ytimg.com/vi/ZuD2IWFgPLA/maxresdefault.jpg,
Feminist Community Calls for L’Oréal to Remove Toxic Ingredients from Hair Relaxers,https://www.welevelup.org/wp-content/uploads/2023/06/Screenshot-2023-06-02-at-12.20.32.png,https://newyork.legalexaminer.com/legal/feminist-community-calls-for-loreal-to-remove-toxic-ingredients-from-hair-relaxers/,newyork.legalexaminer.com/,Yes,TOXIC CHEMICALS IN HAIR RELAXERS,,New York Legal Examiner
Feminist Community Calls for L’Oréal to Remove Toxic Ingredients from Hair Relaxers,https://www.welevelup.org/wp-content/uploads/2023/06/Screenshot-2023-06-02-at-12.20.32.png,https://newyork.legalexaminer.com/legal/feminist-community-calls-for-loreal-to-remove-toxic-ingredients-from-hair-relaxers/,newyork.legalexaminer.com/,Yes,TOXIC CHEMICALS IN HAIR RELAXERS,,New York Legal Examiner
‘I was terrified I would have a miscarriage in prison’: The plight of pregnant women behind bars,https://wp.inews.co.uk/wp-content/uploads/2022/01/PRI_220590987-1200x630-pl-big-reads.jpg,https://inews.co.uk/inews-lifestyle/miscarriage-prison-plight-pregnant-women-behind-bars-2399114?ito=twitter_share_article-top,inews.co.uk,Yes,PREGNANCY IN PRISON,https://wp.inews.co.uk/wp-content/uploads/2022/01/PRI_220590987-1200x630-pl-big-reads.jpg,iNews
Do hair relaxers cause cancer?,https://i.scdn.co/image/ab6765630000ba8a75bcb295906c0fa9427b812b,https://open.spotify.com/episode/1Dhk6Ix9BaM7dxux6RYFdH?si=WpuKStSLTQGtWxuTbragUQ&context=spotify%3Ashow%3A45KR1PdBnW4VWkkZIqKrcp,spotify,Yes,TOXIC CHEMICALS IN HAIR RELAXERS,https://i.scdn.co/image/ab6765630000ba8a75bcb295906c0fa9427b812b,Spotify
‘No births behind bars’: Protesters demand an end to the imprisonment of pregnant women,https://metro.co.uk/wp-content/uploads/2023/03/SEI_148811141-f0eb_1679169661.jpg?quality=90&strip=all&w=1200&h=630&crop=1,https://metro.co.uk/2023/03/18/london-protesters-demand-an-end-to-the-imprisonment-of-pregnant-women-18465479/,metro.co.uk,Yes,PREGNANCY IN PRISON,https://metro.co.uk/wp-content/uploads/2023/03/SEI_148811141-f0eb_1679169661.jpg?quality=90&strip=all&w=1200&h=630&crop=1,Metro
L’Oreal: No More Cancer Chemicals in Cosmetics,https://www.bcpp.org/wp-content/uploads/2017/06/Loreal-Letter.png,https://www.bcpp.org/resource/loreal-no-cancer-chemicals-cosmetics/,bcpp.org,Yes,TOXIC CHEMICALS IN HAIR RELAXERS,https://www.bcpp.org/wp-content/uploads/2017/06/Loreal-Letter.png,Breast Cancer Prevention Partners
Hair relaxer use may affect ability to conceive,https://www.welevelup.org/wp-content/uploads/2023/04/Screenshot-2023-04-27-at-11.33.45.png,https://medicalxpress.com/news/2023-04-hair-affect-ability.html,medicalxpress.com,Yes,TOXIC CHEMICALS IN HAIR RELAXERS,,Medical Xpress
Feminist Community Calls for L’Oréal to Remove Toxic Ingredients from Hair Relaxers,https://www.welevelup.org/wp-content/uploads/2023/06/Screenshot-2023-06-02-at-12.20.32.png,https://newyork.legalexaminer.com/legal/feminist-community-calls-for-loreal-to-remove-toxic-ingredients-from-hair-relaxers/,newyork.legalexaminer.com/,Yes,TOXIC CHEMICALS IN HAIR RELAXERS,,New York Legal Examiner
Feminist Community Calls for L’Oréal to Remove Toxic Ingredients from Hair Relaxers,https://www.welevelup.org/wp-content/uploads/2023/06/Screenshot-2023-06-02-at-12.20.32.png,https://newyork.legalexaminer.com/legal/feminist-community-calls-for-loreal-to-remove-toxic-ingredients-from-hair-relaxers/,newyork.legalexaminer.com/,Yes,TOXIC CHEMICALS IN HAIR RELAXERS,,New York Legal Examiner
Revlon Faces Hair Relaxer Cancer Claims as Bankruptcy Nears End,https://www.welevelup.org/wp-content/uploads/2023/04/Screenshot-2023-04-25-at-14.26.06.png,https://www.businessoffashion.com/news/beauty/revlon-faces-hair-relaxer-cancer-claims-as-bankruptcy-nears-end/,businessoffashion.com,Yes,TOXIC CHEMICALS IN HAIR RELAXERS,,Business of Fashion
Status of Hair Relaxer Lawsuits Discussed at MDL Conference,https://www.welevelup.org/wp-content/uploads/2023/04/Screenshot-2023-04-25-at-14.27.42.png,https://www.aboutlawsuits.com/hair-relaxer-lawsuits-status-conference/,aboutlawsuits.com,Yes,TOXIC CHEMICALS IN HAIR RELAXERS,,AboutLawsuits.com
L’Oréal Urged to Withdraw Hair Relaxers After Studies Find Cancer Risk,https://www.welevelup.org/wp-content/uploads/2023/04/Screenshot-2023-04-25-at-14.29.03.png,https://www.businessoffashion.com/news/beauty/loreal-urged-to-withdraw-hair-relaxers-after-studies-find-cancer-risk/,businesstelegraph.co.uk,Yes,TOXIC CHEMICALS IN HAIR RELAXERS,,Business Telegraph
"Piden a L’Oreal retirar productos para el cabello que, al parecer, causarían cáncer",https://www.elespectador.com/resizer/BxHXVOJXeHaK9wTtcKfP-yvRiCI=/657x0/filters:quality(60):format(jpeg)/cloudfront-us-east-1.images.arcpublishing.com/elespectador/2FYMNK4355HX5IASC3RVXQBJPU.jpg,https://www.elespectador.com/salud/piden-a-loreal-retirar-productos-para-el-cabello-que-al-parecer-causarian-cancer/,elespectador.com,Yes,TOXIC CHEMICALS IN HAIR RELAXERS,https://www.elespectador.com/resizer/BxHXVOJXeHaK9wTtcKfP-yvRiCI=/657x0/filters:quality(60):format(jpeg)/cloudfront-us-east-1.images.arcpublishing.com/elespectador/2FYMNK4355HX5IASC3RVXQBJPU.jpg,El Espectador
L’Oréal urged to withdraw hair relaxers after studies find cancer risk,https://i.guim.co.uk/img/media/5fbac1e90390a6c4271f7734f8ed9940e5310505/0_0_6000_3600/master/6000.jpg?width=1200&height=630&quality=85&auto=format&fit=crop&overlay-align=bottom%2Cleft&overlay-width=100p&overlay-base64=L2ltZy9zdGF0aWMvb3ZlcmxheXMvdGctZGVmYXVsdC5wbmc&enable=upscale&s=a3ce91b6b8828b63fb415eb5dc729435,https://www.theguardian.com/society/2023/apr/21/loreal-urged-to-withdraw-hair-relaxers-after-studies-find-cancer-risk,theguardian.com,Yes,TOXIC CHEMICALS IN HAIR RELAXERS,https://i.guim.co.uk/img/media/5fbac1e90390a6c4271f7734f8ed9940e5310505/0_0_6000_3600/master/6000.jpg?width=1200&height=630&quality=85&auto=format&fit=crop&overlay-align=bottom%2Cleft&overlay-width=100p&overlay-base64=L2ltZy9zdGF0aWMvb3ZlcmxheXMvdGctZGVmYXVsdC5wbmc&enable=upscale&s=a3ce91b6b8828b63fb415eb5dc729435,The Guardian
L’Oréal urged to withdraw hair relaxers after studies find cancer risk,https://i.guim.co.uk/img/media/5fbac1e90390a6c4271f7734f8ed9940e5310505/0_0_6000_3600/master/6000.jpg?width=1200&height=630&quality=85&auto=format&fit=crop&overlay-align=bottom%2Cleft&overlay-width=100p&overlay-base64=L2ltZy9zdGF0aWMvb3ZlcmxheXMvdGctZGVmYXVsdC5wbmc&enable=upscale&s=a3ce91b6b8828b63fb415eb5dc729435,https://www.theguardian.com/society/2023/apr/21/loreal-urged-to-withdraw-hair-relaxers-after-studies-find-cancer-risk,theguardian.com,Yes,TOXIC CHEMICALS IN HAIR RELAXERS,https://i.guim.co.uk/img/media/5fbac1e90390a6c4271f7734f8ed9940e5310505/0_0_6000_3600/master/6000.jpg?width=1200&height=630&quality=85&auto=format&fit=crop&overlay-align=bottom%2Cleft&overlay-width=100p&overlay-base64=L2ltZy9zdGF0aWMvb3ZlcmxheXMvdGctZGVmYXVsdC5wbmc&enable=upscale&s=a3ce91b6b8828b63fb415eb5dc729435,The Guardian
Campaigners urge L’Oreal to stop selling hair relaxers after studies find cancer link,https://static.standard.co.uk/2022/03/28/08/294f9cb343c6c9659e2acd6660f30838Y29udGVudHNlYXJjaGFwaSwxNjQ4NTM5NjM4-2.50345949.jpg?width=1200&auto=webp&quality=75,https://www.standard.co.uk/news/world/loreal-hair-relaxers-cancer-risk-study-open-letter-b1075881.html,standard.co.uk/,Yes,TOXIC CHEMICALS IN HAIR RELAXERS,https://static.standard.co.uk/2022/03/28/08/294f9cb343c6c9659e2acd6660f30838Y29udGVudHNlYXJjaGFwaSwxNjQ4NTM5NjM4-2.50345949.jpg?width=1200&auto=webp&quality=75,The Evening Standard
L’Oréal urged to withdraw hair relaxers after studies find cancer risk,https://www.welevelup.org/wp-content/uploads/2023/04/Screenshot-2023-04-25-at-14.21.38.png,https://www.businesstelegraph.co.uk/loreal-urged-to-withdraw-hair-relaxers-after-studies-find-cancer-risk/,businesstelegraph.co.uk,Yes,TOXIC CHEMICALS IN HAIR RELAXERS,,Business Telegraph
L’Oréal urged to withdraw hair relaxers after studies find cancer risk,https://www.welevelup.org/wp-content/uploads/2023/04/Screenshot-2023-04-25-at-14.21.38.png,https://www.businesstelegraph.co.uk/loreal-urged-to-withdraw-hair-relaxers-after-studies-find-cancer-risk/,businesstelegraph.co.uk,Yes,TOXIC CHEMICALS IN HAIR RELAXERS,,Business Telegraph
Why people are suing L’Oréal over hair relaxers,https://www.welevelup.org/wp-content/uploads/2023/04/Screenshot-2023-04-25-at-14.23.01.png,https://www.ft.com/content/ef79585c-43b3-47f5-9d27-b5899cbc8970,ft.com,Yes,TOXIC CHEMICALS IN HAIR RELAXERS,,Financial Times
Why people are suing L’Oréal over hair relaxers,https://www.welevelup.org/wp-content/uploads/2023/04/Screenshot-2023-04-25-at-14.23.01.png,https://www.ft.com/content/ef79585c-43b3-47f5-9d27-b5899cbc8970,ft.com,Yes,TOXIC CHEMICALS IN HAIR RELAXERS,,Financial Times
Activistas piden a L’Oréal que retire sus productos para alisar el cabello por vínculo con cáncer,https://admin.binoticias.com/sites/default/files/styles/recorte_1200x800/public/field-image/2023-04/istockphoto-1428512928-612x612.jpg?itok=XftTU6Vd,https://www.binoticias.com/mundo/activistas-piden-loreal-que-retire-sus-productos-para-alisar-el-cabello-por-vinculo-con,binoticias.com,Yes,TOXIC CHEMICALS IN HAIR RELAXERS,https://admin.binoticias.com/sites/default/files/styles/recorte_1200x800/public/field-image/2023-04/istockphoto-1428512928-612x612.jpg?itok=XftTU6Vd,BINoticias
Our@tedxlondontalk is live for #IWD2023 and we want to talk about feminist liberation & care!,https://i.ytimg.com/vi/xj-alDQD2fg/maxresdefault.jpg,https://bit.ly/3ZR4wTK,Ted Talk,Yes,DOMESTIC ABUSE IN THE MEDIA,https://i.ytimg.com/vi/xj-alDQD2fg/maxresdefault.jpg,TED Talks
Petitioners call for ban on domestic abuse victim-blaming in Editors’ Code,https://pressgazette.co.uk/wp-content/uploads/sites/7/2023/04/Level-Up-at-IPSO-e1680513085600-800x418.jpg?1711733138,https://pressgazette.co.uk/media_law/editors-code-media-domestic-abuse-reporting/,pressgazette.co.uk,Yes,DOMESTIC ABUSE IN THE MEDIA,https://pressgazette.co.uk/wp-content/uploads/sites/7/2023/04/Level-Up-at-IPSO-e1680513085600-800x418.jpg?1711733138,Press Gazette
Why people are suing L’Oréal over hair relaxers,https://ichef.bbci.co.uk/news/1024/branded_news/260A/production/_129483790_nomorelyes_final-21-credit_yvonnee.maxwell.jpg,https://www.bbc.com/news/newsbeat-65189531,bbc,Yes,TOXIC CHEMICALS IN HAIR RELAXERS,https://ichef.bbci.co.uk/news/1024/branded_news/260A/production/_129483790_nomorelyes_final-21-credit_yvonnee.maxwell.jpg,BBC
Why people are suing L’Oréal over hair relaxers,https://ichef.bbci.co.uk/news/1024/branded_news/260A/production/_129483790_nomorelyes_final-21-credit_yvonnee.maxwell.jpg,https://www.bbc.com/news/newsbeat-65189531,bbc,Yes,TOXIC CHEMICALS IN HAIR RELAXERS,https://ichef.bbci.co.uk/news/1024/branded_news/260A/production/_129483790_nomorelyes_final-21-credit_yvonnee.maxwell.jpg,BBC
Urgent call for review into sentencing pregnant women due to health risks,https://i.guim.co.uk/img/media/e2d014c3362e1c44e13de40a1523a7fb93e9a653/0_30_3500_2101/master/3500.jpg?width=1200&height=630&quality=85&auto=format&fit=crop&overlay-align=bottom%2Cleft&overlay-width=100p&overlay-base64=L2ltZy9zdGF0aWMvb3ZlcmxheXMvdG8tYWdlLTIwMjIucG5n&enable=upscale&s=4151e980803c48be5da7dd435476998f,https://www.theguardian.com/society/2022/sep/24/urgent-call-for-review-into-sentencing-pregnant-women-due-to-health-risks,theguardian.com,Yes,PREGNANCY IN PRISON,https://i.guim.co.uk/img/media/e2d014c3362e1c44e13de40a1523a7fb93e9a653/0_30_3500_2101/master/3500.jpg?width=1200&height=630&quality=85&auto=format&fit=crop&overlay-align=bottom%2Cleft&overlay-width=100p&overlay-base64=L2ltZy9zdGF0aWMvb3ZlcmxheXMvdG8tYWdlLTIwMjIucG5n&enable=upscale&s=4151e980803c48be5da7dd435476998f,The Guardian
HMP Bronzefield Surrey protest calls for ‘no more babies in prison’,https://ichef.bbci.co.uk/news/1024/branded_news/46D2/production/_109103181_hmpbronzefield.jpg,https://www.bbc.com/news/uk-england-surrey-63025914,bbc.com,Yes,PREGNANCY IN PRISON,https://ichef.bbci.co.uk/news/1024/branded_news/46D2/production/_109103181_hmpbronzefield.jpg,BBC
‘Child’s birthday party’ protest outside prison to demonstrate against jailing pregnant women and new mothers,https://e3.365dm.com/22/09/1600x900/skynews-hmp-bronzefield-surrey_5910063.jpg?20220924202808,https://news.sky.com/story/childs-birthday-party-protest-outside-prison-to-demonstrate-against-jailing-pregnant-women-and-new-mothers-12704801,news.sky.com,Yes,PREGNANCY IN PRISON,https://e3.365dm.com/22/09/1600x900/skynews-hmp-bronzefield-surrey_5910063.jpg?20220924202808,Sky News
Protesters gather at HMP Bronzefield to call for end to pregnant women in prison,https://static.standard.co.uk/2022/09/24/17/24173348-7630e365-505b-4bca-848f-b1bfa527eb07.jpg?width=1200&auto=webp&quality=75,https://www.standard.co.uk/news/crime/hmp-bronzefield-activists-emma-hughes-evans-surrey-b1027886.html,standard.co.uk,Yes,PREGNANCY IN PRISON,https://static.standard.co.uk/2022/09/24/17/24173348-7630e365-505b-4bca-848f-b1bfa527eb07.jpg?width=1200&auto=webp&quality=75,The Evening Standard
"One woman shares her story as campaigners say prisons will never be safe for pregnant women, new mothers and babies",https://wp.inews.co.uk/wp-content/uploads/2021/09/PRI_199989971-e1632234443962.jpg?w=1200&h=600&crop=1,https://inews.co.uk/inews-lifestyle/women/pregnant-women-new-campaign-jail-prison-harm-baby-1210160,inews.co,Yes,PREGNANCY IN PRISON,https://wp.inews.co.uk/wp-content/uploads/2021/09/PRI_199989971-e1632234443962.jpg?w=1200&h=600&crop=1,iNews
"MUM’S TRAGEDY Pregnant teen, 18, found clinging to her dead baby girl in prison after cries for help ignored for 12 HOURS",https://www.thesun.co.uk/wp-content/uploads/2021/09/NINTCHDBPICT000681521626.jpg?strip=all&quality=100&w=1920&h=1080&crop=1,https://www.thesun.co.uk/news/16207265/pregnant-teen-dead-baby-prison-ignored-help/,thesun.co,Yes,PREGNANCY IN PRISON,https://www.thesun.co.uk/wp-content/uploads/2021/09/NINTCHDBPICT000681521626.jpg?strip=all&quality=100&w=1920&h=1080&crop=1,The Sun
"Prisoner, 18, tried to save baby after giving birth alone in cell",https://www.thetimes.co.uk/imageserver/image/%2Fmethode%2Ftimes%2Fprod%2Fweb%2Fbin%2F5a8bf95c-1b88-11ec-8d6d-67649e90fafa.jpg?crop=2448%2C1377%2C0%2C128&resize=1200,https://www.thetimes.co.uk/article/prisoner-18-tried-to-save-baby-after-giving-birth-alone-in-cell-frsb9kkgf,thetimes.co,Yes,PREGNANCY IN PRISON,https://www.thetimes.co.uk/imageserver/image/%2Fmethode%2Ftimes%2Fprod%2Fweb%2Fbin%2F5a8bf95c-1b88-11ec-8d6d-67649e90fafa.jpg?crop=2448%2C1377%2C0%2C128&resize=1200,The Times
Damning report published into death of baby born to teenager in prison cell,https://i.guim.co.uk/img/media/f9ef4d23954c88a19506d0bd0b8a6cba040ac80b/0_160_5027_3018/master/5027.jpg?width=1200&height=630&quality=85&auto=format&fit=crop&overlay-align=bottom%2Cleft&overlay-width=100p&overlay-base64=L2ltZy9zdGF0aWMvb3ZlcmxheXMvdGctYWdlLTIwMjEucG5n&enable=upscale&s=2cd56f3062d2000a80337f7974f2e277,https://www.theguardian.com/society/2021/sep/22/damning-report-published-into-death-of-baby-born-to-teenager-in-prison-cell,theguardian.com,Yes,PREGNANCY IN PRISON,https://i.guim.co.uk/img/media/f9ef4d23954c88a19506d0bd0b8a6cba040ac80b/0_160_5027_3018/master/5027.jpg?width=1200&height=630&quality=85&auto=format&fit=crop&overlay-align=bottom%2Cleft&overlay-width=100p&overlay-base64=L2ltZy9zdGF0aWMvb3ZlcmxheXMvdGctYWdlLTIwMjEucG5n&enable=upscale&s=2cd56f3062d2000a80337f7974f2e277,The Guardian
"Bronzefield infant death: Teenage woman gave birth alone in prison cell despite calling for help, report finds",https://static.independent.co.uk/s3fs-public/thumbnails/image/2013/08/21/10/bronzefield.jpg?quality=75&width=1200&auto=webp,https://www.independent.co.uk/news/uk/home-news/baby-death-bronzefield-prison-uk-b1924060.html,independent.co,Yes,PREGNANCY IN PRISON,https://static.independent.co.uk/s3fs-public/thumbnails/image/2013/08/21/10/bronzefield.jpg?quality=75&width=1200&auto=webp,The Independent
Newborn baby dies in prison cell after teenage mother left alone without medical help,https://www.welevelup.org/wp-content/uploads/2022/07/Screenshot-2022-07-18-at-12.37.37.png,https://www.google.com/url?q=https://www.telegraph.co.uk/news/2021/09/22/newborn-baby-died-prison-cell-teenage-mother-left-alone-without/&sa=D&source=editors&ust=1658143140764286&usg=AOvVaw2-X4KQFepQKRsewBD2wd4Q,telegraph.co,Yes,PREGNANCY IN PRISON,,The Telegraph
‘Unsurprising’: Expert’s damning verdict on teenager whose baby died after giving birth in cell alone,https://media.glide.mailplus.co.uk/prod/images/950_633/gm-d1f88ade-e95e-466d-bfd6-ec29016e440b-hmp-bronzefield2.jpg,https://www.mailplus.co.uk/edition/news/society/107952/unsurprising-experts-damning-verdict-on-teenager-whose-baby-died-after-giving-birth-in-cell-alone,mailplus.co,Yes,PREGNANCY IN PRISON,https://media.glide.mailplus.co.uk/prod/images/950_633/gm-d1f88ade-e95e-466d-bfd6-ec29016e440b-hmp-bronzefield2.jpg,Mail Plus
"Prison guards, but not mother, get counselling after baby dies in cell",https://i.guim.co.uk/img/media/f9ef4d23954c88a19506d0bd0b8a6cba040ac80b/0_160_5027_3017/master/5027.jpg?width=1200&height=630&quality=85&auto=format&fit=crop&overlay-align=bottom%2Cleft&overlay-width=100p&overlay-base64=L2ltZy9zdGF0aWMvb3ZlcmxheXMvdG8tYWdlLTIwMjEucG5n&enable=upscale&s=4920dd54382b277a8c92a7fb7159742f,https://www.theguardian.com/society/2021/sep/25/prison-guards-but-not-mother-get-counselling-after-baby-dies-in-cell,theguardian.com,Yes,PREGNANCY IN PRISON,https://i.guim.co.uk/img/media/f9ef4d23954c88a19506d0bd0b8a6cba040ac80b/0_160_5027_3017/master/5027.jpg?width=1200&height=630&quality=85&auto=format&fit=crop&overlay-align=bottom%2Cleft&overlay-width=100p&overlay-base64=L2ltZy9zdGF0aWMvb3ZlcmxheXMvdG8tYWdlLTIwMjEucG5n&enable=upscale&s=4920dd54382b277a8c92a7fb7159742f,The Guardian
Ministers urged to stop jailing of pregnant women under amendment to policing bill,https://static.independent.co.uk/s3fs-public/thumbnails/image/2015/05/16/20/16-Cornton-Vale-Prison-PA.jpg?quality=75&width=1200&auto=webp,https://www.independent.co.uk/news/uk/home-news/prisons-pregnant-women-remand-children-b1970551.html,independent.co,Yes,PREGNANCY IN PRISON,https://static.independent.co.uk/s3fs-public/thumbnails/image/2015/05/16/20/16-Cornton-Vale-Prison-PA.jpg?quality=75&width=1200&auto=webp,The Independent
"ShortJailed women in UK five times more likely to suffer stillbirths, data showsThis article is more than 7 moDescription",https://i.guim.co.uk/img/media/d6ea144cd224b25216247cc6fdde0352f6e62ee6/0_321_5027_3017/master/5027.jpg?width=1200&height=630&quality=85&auto=format&fit=crop&overlay-align=bottom%2Cleft&overlay-width=100p&overlay-base64=L2ltZy9zdGF0aWMvb3ZlcmxheXMvdG8tYWdlLTIwMjEucG5n&enable=upscale&s=f2854101329725b1817b6d6589867288,https://www.theguardian.com/society/2021/dec/05/jailed-women-in-uk-five-times-more-likely-to-suffer-stillbirths-data-shows,theguardian.com,Yes,PREGNANCY IN PRISON,https://i.guim.co.uk/img/media/d6ea144cd224b25216247cc6fdde0352f6e62ee6/0_321_5027_3017/master/5027.jpg?width=1200&height=630&quality=85&auto=format&fit=crop&overlay-align=bottom%2Cleft&overlay-width=100p&overlay-base64=L2ltZy9zdGF0aWMvb3ZlcmxheXMvdG8tYWdlLTIwMjEucG5n&enable=upscale&s=f2854101329725b1817b6d6589867288,The Guardian
‘I Had No Idea How Much Time I Would Get With My Newborn Son’,https://images.bauerhosting.com/legacy/media/6149/ae95/4699/e0c3/48f2/d102/pregnantprison.jpg?ar=16%3A9&fit=crop&crop=top&auto=format&w=undefined&q=80,https://graziadaily.co.uk/life/parenting/giving-birth-in-prison-1/,graziadaily.co,Yes,PREGNANCY IN PRISON,https://images.bauerhosting.com/legacy/media/6149/ae95/4699/e0c3/48f2/d102/pregnantprison.jpg?ar=16%3A9&fit=crop&crop=top&auto=format&w=undefined&q=80,Grazia Daily
I was pregnant in prison – the reality of it was devastating,https://tco.mutualcp.com/transforms/Huck/_1200x630_crop_center-center_82_none_ns/Screen-Shot-2021-09-30-at-13.35.58.png?mtime=1679926048,https://www.huckmag.com/perspectives/i-was-pregnant-in-prison-the-reality-of-it-was-devastating/,huckmag.com,Yes,PREGNANCY IN PRISON,https://tco.mutualcp.com/transforms/Huck/_1200x630_crop_center-center_82_none_ns/Screen-Shot-2021-09-30-at-13.35.58.png?mtime=1679926048,Huck Magazine
"When we jail a mother, we condemn her child too",https://www.telegraph.co.uk/content/dam/women/2021/12/07/TELEMMGLPICT000279616331_trans_NvBQzQNjv4BqhiiDzkMQKRGfjeOG8vz7B1HwtdpQwyNje2OyIL7x97s.jpeg?impolicy=logo-overlay,https://www.telegraph.co.uk/women/life/jail-mother-condemn-child/,telegraph.co,Yes,PREGNANCY IN PRISON,https://www.telegraph.co.uk/content/dam/women/2021/12/07/TELEMMGLPICT000279616331_trans_NvBQzQNjv4BqhiiDzkMQKRGfjeOG8vz7B1HwtdpQwyNje2OyIL7x97s.jpeg?impolicy=logo-overlay,The Telegraph
‘The whole experience was traumatic’: The reality of pregnancy in prison’,https://www.telegraph.co.uk/content/dam/women/2021/09/22/TELEMMGLPICT000252955062_trans_NvBQzQNjv4BqpVlberWd9EgFPZtcLiMQf0Rf_Wk3V23H2268P_XkPxc.jpeg?impolicy=logo-overlay,https://www.telegraph.co.uk/women/life/whole-experience-traumatic-reality-pregnancy-prison/,telegraph.co,Yes,PREGNANCY IN PRISON,https://www.telegraph.co.uk/content/dam/women/2021/09/22/TELEMMGLPICT000252955062_trans_NvBQzQNjv4BqpVlberWd9EgFPZtcLiMQf0Rf_Wk3V23H2268P_XkPxc.jpeg?impolicy=logo-overlay,The Telegraph
I Thought I Had Miscarried & I Was In Handcuffs: Why We Need To Stop Imprisoning Pregnant Women,https://www.refinery29.com/images/10681236.jpg?crop=40%3A21,https://www.refinery29.com/en-gb/2021/09/10607138/pregnancy-childbirth-prison-uk,refinery29.com,Yes,PREGNANCY IN PRISON,https://www.refinery29.com/images/10681236.jpg?crop=40%3A21,Refinery29
Should pregnant women really be sent to prison? How the criminal justice system is failing mums-to-be,"https://hips.hearstapps.com/hmg-prod/images/should-pregnant-women-really-be-sent-to-prison-1635777570.png?crop=1.00xw:1.00xh;0,0&resize=1200:*",https://www.cosmopolitan.com/uk/reports/a37988401/pregnant-prison/,cosmopolitan.com,Yes,PREGNANCY IN PRISON,"https://hips.hearstapps.com/hmg-prod/images/should-pregnant-women-really-be-sent-to-prison-1635777570.png?crop=1.00xw:1.00xh;0,0&resize=1200:*",Cosmopolitan
Pregnant in prison: What it’s like to be an expecting mum behind bars in the UK,"https://media.glamourmagazine.co.uk/photos/64c912175c915d8a7f4f8993/16:9/w_1280,c_limit/PREGNANT%20PRISON%20010823%20%20GettyImages-1532268495_L.jpg",https://www.glamourmagazine.co.uk/article/pregnant-in-prison,glamoutmagazine.co,Yes,PREGNANCY IN PRISON,"https://media.glamourmagazine.co.uk/photos/64c912175c915d8a7f4f8993/16:9/w_1280,c_limit/PREGNANT%20PRISON%20010823%20%20GettyImages-1532268495_L.jpg",
Birth behind bars: one woman shares her story as campaigners fight to end sentencing for pregnant women,https://images-stylist.s3-eu-west-1.amazonaws.com/app/uploads/2021/09/11164236/gettyimages-181874783-1920x1080.jpg,https://www.stylist.co.uk/health/birth-behind-bars-pregnant-women/567488,stylist.co,Yes,PREGNANCY IN PRISON,https://images-stylist.s3-eu-west-1.amazonaws.com/app/uploads/2021/09/11164236/gettyimages-181874783-1920x1080.jpg,Stylist
It’s 2021 – so why are women still birthing behind bars in Britain?,https://flockmag.com/wp-content/uploads/2021/09/shutterstock_656470525.jpg,https://flockmag.com/its-2021-so-why-are-women-still-birthing-behind-bars-in-britain/,flockmag.com,Yes,PREGNANCY IN PRISON,https://flockmag.com/wp-content/uploads/2021/09/shutterstock_656470525.jpg,Flock Magazine
Breastfeeding mums demand end to prison for pregnant women in protest,https://metro.co.uk/wp-content/uploads/2022/06/SEC_108537476_1654761876.jpg?quality=90&strip=all&w=1200&h=630&crop=1,https://metro.co.uk/2022/06/07/breastfeeding-mums-demand-end-to-prison-for-pregnant-women-in-protest-16786214/,metro.co.uk,Yes,PREGNANCY IN PRISON,https://metro.co.uk/wp-content/uploads/2022/06/SEC_108537476_1654761876.jpg?quality=90&strip=all&w=1200&h=630&crop=1,Metro
Mothers and babies join protest against UK imprisonment of pregnant womenThis article is more than 3 mo,https://i.guim.co.uk/img/media/f26c9d1014b04f50de6f6c294fb2d2992d279c38/0_158_5568_3341/master/5568.jpg?width=1200&height=630&quality=85&auto=format&fit=crop&overlay-align=bottom%2Cleft&overlay-width=100p&overlay-base64=L2ltZy9zdGF0aWMvb3ZlcmxheXMvdGctYWdlLTIwMjIucG5n&enable=upscale&s=dc13385e60f2bc61bc2a5abfb7fac079,https://www.theguardian.com/society/2022/mar/28/female-former-inmates-protest-uk-imprisonment-pregnant-women,theguardian.com,Yes,PREGNANCY IN PRISON,https://i.guim.co.uk/img/media/f26c9d1014b04f50de6f6c294fb2d2992d279c38/0_158_5568_3341/master/5568.jpg?width=1200&height=630&quality=85&auto=format&fit=crop&overlay-align=bottom%2Cleft&overlay-width=100p&overlay-base64=L2ltZy9zdGF0aWMvb3ZlcmxheXMvdGctYWdlLTIwMjIucG5n&enable=upscale&s=dc13385e60f2bc61bc2a5abfb7fac079,The Guardian
New Petition Calls For Lye Hair Relaxers To Be Taken Off UK Shelves,https://imgix.bustle.com/uploads/image/2021/8/3/2e3800e0-4359-440e-8097-e039ff15de0e-gettyimages-1167753549.jpg?w=1200&h=630&fit=crop&crop=focalpoint&fm=jpg&fp-x=0.524&fp-y=0.3443,https://www.bustle.com/wellness/the-no-more-lyes-hair-relaxer-petition-explained,bustle.com,Yes,TOXIC CHEMICALS IN HAIR RELAXERS,https://imgix.bustle.com/uploads/image/2021/8/3/2e3800e0-4359-440e-8097-e039ff15de0e-gettyimages-1167753549.jpg?w=1200&h=630&fit=crop&crop=focalpoint&fm=jpg&fp-x=0.524&fp-y=0.3443,Bustle
Campaign calls on beauty giants to remove cancer-causing chemical from black women’s hair products,/article-image-alias/campaign-calls-on-beauty-giants-to.jpg,https://cosmeticsbusiness.com/campaign-calls-on-beauty-giants-to-remove-cancer-causing-chemical-from-black-women-s-hair-products--178472,cosmeticsbusiness.com,Yes,TOXIC CHEMICALS IN HAIR RELAXERS,/article-image-alias/campaign-calls-on-beauty-giants-to.jpg,Cosmetics Business
#NoMoreLyes: the campaign that wants to put an end to toxic hair products marketed towards Black women,https://www.welevelup.org/wp-content/uploads/2022/07/Screenshot-2022-07-18-at-14.34.02.png,https://gal-dem.com/nomorelyes-campaign-to-end-toxic-hair-products-marketed-towards-black-women/,gal-dem.com,Yes,TOXIC CHEMICALS IN HAIR RELAXERS,,Gal-Dem
Hair relaxers could be harming Black women – we’re calling on big brands to stop selling them,https://www.welevelup.org/wp-content/uploads/2022/07/Screenshot-2022-07-18-at-14.34.49.png,https://www.google.com/url?q=https://inews.co.uk/opinion/hair-relaxers-harming-black-women-big-brands-stop-selling-them-1163725&sa=D&source=editors&ust=1658151162872737&usg=AOvVaw0EHvMRKli5FU7W3_auVr1C,inews.co,Yes,TOXIC CHEMICALS IN HAIR RELAXERS,,iNews
Campaign urges beauty firms to pull ‘toxic’ hair products aimed at Black women,https://static.independent.co.uk/2021/07/30/11/Hair_Perm_t750x550.jpg?quality=75&width=1200&auto=webp,https://www.independent.co.uk/news/uk/home-news/black-hair-lye-no-more-lyes-b1893747.html,independent.co,Yes,TOXIC CHEMICALS IN HAIR RELAXERS,https://static.independent.co.uk/2021/07/30/11/Hair_Perm_t750x550.jpg?quality=75&width=1200&auto=webp,The Independent
Majority of Black women experienced ‘scalp burns or hair loss’ from using relaxer,https://metro.co.uk/wp-content/uploads/2022/05/NoMoreLyes_FINAL-21-Credit_-Yvonne-E.-Maxwell-dc2c_1653399876.jpg?quality=90&strip=all&w=1200&h=630&crop=1,https://metro.co.uk/2022/05/24/calls-for-brands-to-remove-dangerous-lye-from-black-hair-products-16697851/,metro.co.uk,Yes,TOXIC CHEMICALS IN HAIR RELAXERS,https://metro.co.uk/wp-content/uploads/2022/05/NoMoreLyes_FINAL-21-Credit_-Yvonne-E.-Maxwell-dc2c_1653399876.jpg?quality=90&strip=all&w=1200&h=630&crop=1,Metro
"MAJORITY OF BLACK BRITISH WOMEN SUFFER SIDE EFFECTS FROM HAIR RELAXERS SUCH AS BURNT SCALP, STUDY FINDS",https://static.independent.co.uk/2022/05/24/09/NoMoreLyes_FINAL-19.jpg?quality=75&width=1200&auto=webp,https://www.independent.co.uk/life-style/black-hair-relaxers-side-effects-b2085554.html,independetnt.co,Yes,TOXIC CHEMICALS IN HAIR RELAXERS,https://static.independent.co.uk/2022/05/24/09/NoMoreLyes_FINAL-19.jpg?quality=75&width=1200&auto=webp,The Independent
FA and Premier League urged to help tackle gender-based violenceThis article is more than 5 mo,https://i.guim.co.uk/img/media/8eee45adc6e2309b9dac174a845a86033b49dc77/0_371_5568_3341/master/5568.jpg?width=1200&height=630&quality=85&auto=format&fit=crop&overlay-align=bottom%2Cleft&overlay-width=100p&overlay-base64=L2ltZy9zdGF0aWMvb3ZlcmxheXMvdGctYWdlLTIwMjIucG5n&enable=upscale&s=63e9d022b37cde9dbba28f844ae2f714,https://www.theguardian.com/society/2022/feb/05/fa-and-premier-league-urged-to-help-tackle-gender-based-violence,theguardian.com,Yes,SEXUAL VIOLENCE IN FOOTBALL,https://i.guim.co.uk/img/media/8eee45adc6e2309b9dac174a845a86033b49dc77/0_371_5568_3341/master/5568.jpg?width=1200&height=630&quality=85&auto=format&fit=crop&overlay-align=bottom%2Cleft&overlay-width=100p&overlay-base64=L2ltZy9zdGF0aWMvb3ZlcmxheXMvdGctYWdlLTIwMjIucG5n&enable=upscale&s=63e9d022b37cde9dbba28f844ae2f714,The Guardian
Cristiano Ronaldo: plane banner protest as striker returns to Manchester United,https://i.guim.co.uk/img/media/2731424f8195de8af311f233d568b5d427c45e59/3267_1404_1422_853/master/1422.jpg?width=1200&height=630&quality=85&auto=format&fit=crop&overlay-align=bottom%2Cleft&overlay-width=100p&overlay-base64=L2ltZy9zdGF0aWMvb3ZlcmxheXMvdGctYWdlLTIwMjEucG5n&enable=upscale&s=5a8e7a3d3502af18a33c5c295a15a7e5,https://www.theguardian.com/football/2021/sep/11/cristiano-ronaldo-plane-banner-protest-as-striker-returns-to-manchester-united,theguardian.com,Yes,SEXUAL VIOLENCE IN FOOTBALL,https://i.guim.co.uk/img/media/2731424f8195de8af311f233d568b5d427c45e59/3267_1404_1422_853/master/1422.jpg?width=1200&height=630&quality=85&auto=format&fit=crop&overlay-align=bottom%2Cleft&overlay-width=100p&overlay-base64=L2ltZy9zdGF0aWMvb3ZlcmxheXMvdGctYWdlLTIwMjEucG5n&enable=upscale&s=5a8e7a3d3502af18a33c5c295a15a7e5,The Guardian
Cristiano Ronaldo’s Manchester United homecoming is disrupted by feminist protestors flying a banner reading ‘Believe Kathryn Mayorga’ over Old Trafford amid ongoing legal case regarding rape allegations,https://www.welevelup.org/wp-content/uploads/2022/07/Screenshot-2022-07-20-at-11.07.26.png,https://www.google.com/url?q=https://www.dailymail.co.uk/sport/sportsnews/article-9980479/Cristiano-Ronaldos-Manchester-United-homecoming-met-feminist-protest-flying-banner.html&sa=D&source=editors&ust=1658311603703940&usg=AOvVaw0d63BJu4sJIOmwEcI-1WOL,dailymail.co,Yes,SEXUAL VIOLENCE IN FOOTBALL,,Daily Mail
Cristiano Ronaldo protestors fly banner in support of rape accuser over Man Utd debut,https://i2-prod.mirror.co.uk/incoming/article24962543.ece/ALTERNATES/s1200/0_Manchester-United-v-Newcastle-United-Premier-League-Old-Trafford.jpg,https://www.mirror.co.uk/sport/football/news/cristiano-ronaldo-banner-kathryn-mayorga-24962667,mirror.co,Yes,SEXUAL VIOLENCE IN FOOTBALL,https://i2-prod.mirror.co.uk/incoming/article24962543.ece/ALTERNATES/s1200/0_Manchester-United-v-Newcastle-United-Premier-League-Old-Trafford.jpg,The Mirror
Banner flown over Cristiano Ronaldo’s Man United return in support of woman who accused him of rape,https://www.welevelup.org/wp-content/uploads/2022/07/Screenshot-2022-07-20-at-11.09.10.png,https://www.espn.co.uk/football/manchester-united-engman_utd/story/4472367/banner-flown-over-cristiano-ronaldos-man-united-return-in-support-of-woman-who-accused-him-of-rape,espn.co,Yes,SEXUAL VIOLENCE IN FOOTBALL,,ESPN
Cristiano Ronaldo: Plane protest over sex assault claim,https://ichef.bbci.co.uk/news/1024/branded_news/132EB/production/_120517587_bkm-nc.jpg,https://www.bbc.co.uk/news/uk-england-manchester-58528893,bbc.com,Yes,SEXUAL VIOLENCE IN FOOTBALL,https://ichef.bbci.co.uk/news/1024/branded_news/132EB/production/_120517587_bkm-nc.jpg,BBC
Concerned United fan behind protest at Old Trafford,https://www.thetimes.co.uk/imageserver/image/%2Fmethode%2Fsundaytimes%2Fprod%2Fweb%2Fbin%2Fc3af2970-1329-11ec-b01e-096275f2ac22.jpg?crop=1277%2C718%2C405%2C343&resize=1200,https://www.thetimes.co.uk/article/concerned-united-fan-behind-protest-at-old-trafford-mt28z3z5j,thetimes.co.uk,Yes,SEXUAL VIOLENCE IN FOOTBALL,https://www.thetimes.co.uk/imageserver/image/%2Fmethode%2Fsundaytimes%2Fprod%2Fweb%2Fbin%2Fc3af2970-1329-11ec-b01e-096275f2ac22.jpg?crop=1277%2C718%2C405%2C343&resize=1200,The Times
Plane with sign reading ‘Believe Kathryn Mayorga’ flies over Manchester United stadium,https://static.independent.co.uk/2021/09/11/16/km.jpg?quality=75&width=1200&auto=webp,https://www.independent.co.uk/sport/football/manchester-united-believe-kathryn-mayorga-plane-b1918413.html,independent.co.uk,Yes,SEXUAL VIOLENCE IN FOOTBALL,https://static.independent.co.uk/2021/09/11/16/km.jpg?quality=75&width=1200&auto=webp,The Independent
Ronaldo plane protest: Feminist group flies banner over Old Trafford,https://dus09vr7ngt46.cloudfront.net/uploads/2021/09/11171820/ronaldo-split-2.png?height=675&width=1200,https://www.joe.co.uk/sport/ronaldo-plane-protest-feminist-group-flies-banner-over-old-trafford-288480,joe.co.uk,Yes,SEXUAL VIOLENCE IN FOOTBALL,https://dus09vr7ngt46.cloudfront.net/uploads/2021/09/11171820/ronaldo-split-2.png?height=675&width=1200,JOE.co.uk
RONALDO DEMO Cristiano Ronaldo protest group flies ‘Believe Kathryn Mayorga’ banner naming his rape accuser over Old Trafford,https://www.thesun.co.uk/wp-content/uploads/2021/09/sp-ron-manu-compv2.jpg?strip=all&quality=100&w=1500&h=1000&crop=1,https://www.thesun.co.uk/sport/16111439/cristiano-ronaldo-protest-banner-kathryn-mayorga-rape/,thesun.co.uk,Yes,SEXUAL VIOLENCE IN FOOTBALL,https://www.thesun.co.uk/wp-content/uploads/2021/09/sp-ron-manu-compv2.jpg?strip=all&quality=100&w=1500&h=1000&crop=1,The Sun
Cristiano Ronaldo: ‘Believe Kathryn Mayorga’ banner flown over Man Utd stadium to protest sexual assault allegations,https://e0.365dm.com/21/09/1600x900/skysports-cristiano-ronaldo_5509099.jpg?20210911175012,https://www.skysports.com/football/news/11095/12405811/cristiano-ronaldo-believe-kathryn-mayorga-banner-flown-over-man-utd-stadium-to-protest-sexual-assault-allegations,skysports.com,Yes,SEXUAL VIOLENCE IN FOOTBALL,https://e0.365dm.com/21/09/1600x900/skysports-cristiano-ronaldo_5509099.jpg?20210911175012,Sky Sports
Facebook criticised after women complain of inaction over abuse,https://i.guim.co.uk/img/media/b8085faf324d481368a475817df9fda8c773ccaf/0_74_3500_2100/master/3500.jpg?width=1200&height=630&quality=85&auto=format&fit=crop&overlay-align=bottom%2Cleft&overlay-width=100p&overlay-base64=L2ltZy9zdGF0aWMvb3ZlcmxheXMvdGctYWdlLTIwMTkucG5n&enable=upscale&s=55c1c93d6f7351778c21ab4df366f3dc,https://www.theguardian.com/technology/2019/mar/04/facebook-women-abuse-harassment-social-media-amnesty,theguardian.com,Yes,DOMESTIC ABUSE IN THE MEDIA,https://i.guim.co.uk/img/media/b8085faf324d481368a475817df9fda8c773ccaf/0_74_3500_2100/master/3500.jpg?width=1200&height=630&quality=85&auto=format&fit=crop&overlay-align=bottom%2Cleft&overlay-width=100p&overlay-base64=L2ltZy9zdGF0aWMvb3ZlcmxheXMvdGctYWdlLTIwMTkucG5n&enable=upscale&s=55c1c93d6f7351778c21ab4df366f3dc,The Guardian
More than half of women who report harassment on Facebook get no response or told it ‘does not violate community guidelines’,https://wp.inews.co.uk/wp-content/uploads/2019/03/facebook-1.jpg?w=1000&h=666&crop=1,https://inews.co.uk/news/uk/facebook-women-harassment-abuse-social-media-level-up-265212,inews.co.uk,Yes,DOMESTIC ABUSE IN THE MEDIA,https://wp.inews.co.uk/wp-content/uploads/2019/03/facebook-1.jpg?w=1000&h=666&crop=1,iNews
More than half of young women have been abused on Facebook,https://metro.co.uk/wp-content/uploads/2019/02/sei_54119608-d3e5_1551633392.jpg?quality=90&strip=all&w=1200&h=630&crop=1,https://metro.co.uk/2019/03/03/more-than-half-of-young-women-have-been-abused-on-facebook-8796171/,metro.co.uk,Yes,DOMESTIC ABUSE IN THE MEDIA,https://metro.co.uk/wp-content/uploads/2019/02/sei_54119608-d3e5_1551633392.jpg?quality=90&strip=all&w=1200&h=630&crop=1,Metro
It’s Impossible To Overstate The Significance Of Sally Challen’s Retrail,https://images.bauerhosting.com/legacy/media/5c79/6c6f/da9d/2a77/b585/4e15/Sally%20challen.jpg?ar=16%3A9&fit=crop&crop=top&auto=format&w=undefined&q=80,https://graziadaily.co.uk/life/in-the-news/sally-challenged-retrial-coercive-control/,graziadaily.co.uk,Yes,DOMESTIC ABUSE IN THE MEDIA,https://images.bauerhosting.com/legacy/media/5c79/6c6f/da9d/2a77/b585/4e15/Sally%20challen.jpg?ar=16%3A9&fit=crop&crop=top&auto=format&w=undefined&q=80,Grazia Daily
"I run a feminist group, but today I am celebrating International Men’s Day",https://i.guim.co.uk/img/media/2d4d0232207eace4a3079d62cbdc4a2da0830e2f/0_3_640_384/master/640.jpg?width=1200&height=630&quality=85&auto=format&fit=crop&overlay-align=bottom%2Cleft&overlay-width=100p&overlay-base64=L2ltZy9zdGF0aWMvb3ZlcmxheXMvdGctb3BpbmlvbnMtYWdlLTIwMTgucG5n&enable=upscale&s=09e88f0e6b2b89644aba7eac9563b69a,https://www.theguardian.com/commentisfree/2018/nov/19/feminist-celebrating-international-mens-day,theguardian.com,Yes,DOMESTIC ABUSE IN THE MEDIA,https://i.guim.co.uk/img/media/2d4d0232207eace4a3079d62cbdc4a2da0830e2f/0_3_640_384/master/640.jpg?width=1200&height=630&quality=85&auto=format&fit=crop&overlay-align=bottom%2Cleft&overlay-width=100p&overlay-base64=L2ltZy9zdGF0aWMvb3ZlcmxheXMvdGctb3BpbmlvbnMtYWdlLTIwMTgucG5n&enable=upscale&s=09e88f0e6b2b89644aba7eac9563b69a,The Guardian
IPSO to discuss potential for new media guidelines on reporting of domestic violence deaths with feminist group,https://pressgazette.co.uk/wp-content/uploads/sites/7/2018/10/SWA-LD049-e1539100641899.jpg?1711733168,https://pressgazette.co.uk/ipso-domestic-violence-guidelines/,pressgazette.co.uk,Yes,DOMESTIC ABUSE IN THE MEDIA,https://pressgazette.co.uk/wp-content/uploads/sites/7/2018/10/SWA-LD049-e1539100641899.jpg?1711733168,Press Gazette
Her husband murdered her. Then the media took away her dignity,https://i.guim.co.uk/img/media/8ad2fe7e6a8a9de605b6b02f28153538b65f97d0/0_7_650_390/master/650.jpg?width=1200&height=630&quality=85&auto=format&fit=crop&overlay-align=bottom%2Cleft&overlay-width=100p&overlay-base64=L2ltZy9zdGF0aWMvb3ZlcmxheXMvdGctb3BpbmlvbnMtYWdlLTIwMTgucG5n&enable=upscale&s=7c843b9d59c0a7755161adae3b1b1de1,https://www.theguardian.com/commentisfree/2018/oct/08/husband-murdered-media-melanie-clark-domestic-violence-deaths,theguardian.com,Yes,DOMESTIC ABUSE IN THE MEDIA,https://i.guim.co.uk/img/media/8ad2fe7e6a8a9de605b6b02f28153538b65f97d0/0_7_650_390/master/650.jpg?width=1200&height=630&quality=85&auto=format&fit=crop&overlay-align=bottom%2Cleft&overlay-width=100p&overlay-base64=L2ltZy9zdGF0aWMvb3ZlcmxheXMvdGctb3BpbmlvbnMtYWdlLTIwMTgucG5n&enable=upscale&s=7c843b9d59c0a7755161adae3b1b1de1,The Guardian
"Facebook, listen to your users and stop hosting hatred",https://i.guim.co.uk/img/media/1f3ceb7d36f904769500def1283b58aad198a55d/0_170_3500_2100/master/3500.jpg?width=1200&height=630&quality=85&auto=format&fit=crop&overlay-align=bottom%2Cleft&overlay-width=100p&overlay-base64=L2ltZy9zdGF0aWMvb3ZlcmxheXMvdGctb3BpbmlvbnMtYWdlLTIwMTgucG5n&enable=upscale&s=8bf479db00829592abfc4d45938c4c47,https://www.theguardian.com/commentisfree/2018/oct/29/facebook-listen-users-stop-hosting-hatred-silent-about-sexual-harassment,theguardian.com,Yes,DOMESTIC ABUSE IN THE MEDIA,https://i.guim.co.uk/img/media/1f3ceb7d36f904769500def1283b58aad198a55d/0_170_3500_2100/master/3500.jpg?width=1200&height=630&quality=85&auto=format&fit=crop&overlay-align=bottom%2Cleft&overlay-width=100p&overlay-base64=L2ltZy9zdGF0aWMvb3ZlcmxheXMvdGctb3BpbmlvbnMtYWdlLTIwMTgucG5n&enable=upscale&s=8bf479db00829592abfc4d45938c4c47,The Guardian
UK press regulators back feminist group’s new guidelines on reporting domestic violence deaths,https://pressgazette.co.uk/wp-content/uploads/sites/7/2019/04/SWA-LD090-1-e1555406514743.jpg?1711733170,https://pressgazette.co.uk/press-regulators-ipso-and-impress-back-level-up-new-guidelines-on-reporting-domestic-violence-deaths/,pressgazette.co.uk,Yes,DOMESTIC ABUSE IN THE MEDIA,https://pressgazette.co.uk/wp-content/uploads/sites/7/2019/04/SWA-LD090-1-e1555406514743.jpg?1711733170,Press Gazette
These headlines show how not to report on domestic homicides,https://wp.inews.co.uk/wp-content/uploads/2019/04/Barbara-template-11.jpg?w=960&h=640&crop=1,https://inews.co.uk/opinion/ipso-impress-domestic-violence-guidelines-280968,inews.co.uk,Yes,DOMESTIC ABUSE IN THE MEDIA,https://wp.inews.co.uk/wp-content/uploads/2019/04/Barbara-template-11.jpg?w=960&h=640&crop=1,iNews
T-shirts are all very well. But it’s unions that win rights for women,https://i.guim.co.uk/img/media/609ab257ae0a09238f845b432b5c1c9b8a0fbfbc/0_24_3474_2084/master/3474.jpg?width=1200&height=630&quality=85&auto=format&fit=crop&overlay-align=bottom%2Cleft&overlay-width=100p&overlay-base64=L2ltZy9zdGF0aWMvb3ZlcmxheXMvdGctb3BpbmlvbnMtYWdlLTIwMTkucG5n&enable=upscale&s=68e9a06c0c72698fe160b446fea0e77c,https://www.theguardian.com/commentisfree/2019/mar/08/women-feminism-trade-unions-feminism,theguardian.com,Yes,DOMESTIC ABUSE IN THE MEDIA,https://i.guim.co.uk/img/media/609ab257ae0a09238f845b432b5c1c9b8a0fbfbc/0_24_3474_2084/master/3474.jpg?width=1200&height=630&quality=85&auto=format&fit=crop&overlay-align=bottom%2Cleft&overlay-width=100p&overlay-base64=L2ltZy9zdGF0aWMvb3ZlcmxheXMvdGctb3BpbmlvbnMtYWdlLTIwMTkucG5n&enable=upscale&s=68e9a06c0c72698fe160b446fea0e77c,The Guardian
Half of young women on Facebook suffer abuse,https://www.thetimes.co.uk/imageserver/image/%2Fmethode%2Ftimes%2Fprod%2Fweb%2Fbin%2F06883b58-3d06-11e9-ac2f-7ff26270aa53.jpg?crop=2368%2C1332%2C799%2C435&resize=1200,https://www.thetimes.co.uk/article/half-of-young-women-on-facebook-suffer-abuse-3lxbhhnjj?region=global,thetime.co.uk,Yes,DOMESTIC ABUSE IN THE MEDIA,https://www.thetimes.co.uk/imageserver/image/%2Fmethode%2Ftimes%2Fprod%2Fweb%2Fbin%2F06883b58-3d06-11e9-ac2f-7ff26270aa53.jpg?crop=2368%2C1332%2C799%2C435&resize=1200,
STALKER PEST More than half of young women using Facebook have ‘experienced harassment’,https://www.thesun.co.uk/wp-content/uploads/2019/03/NINTCHDBPICT000246439563.jpg?strip=all&quality=100&w=1920&h=1080&crop=1,https://www.thesun.co.uk/news/8553780/young-women-using-facebook-experienced-harassment/,thesun.co.uk,Yes,DOMESTIC ABUSE IN THE MEDIA,https://www.thesun.co.uk/wp-content/uploads/2019/03/NINTCHDBPICT000246439563.jpg?strip=all&quality=100&w=1920&h=1080&crop=1,The Sun
Campaigners Warn Media Is Failing Domestic Homicide Victims As They Launch ‘Dignity For Dead Women’ Petition,https://img.huffingtonpost.com/asset/5bb93470200000c70101ed7c.jpeg?ops=1200_630,https://www.huffingtonpost.co.uk/entry/domestic-violence-ipso-guidelines-campaign_uk_5bb92027e4b0876eda9e86d7?guccounter=1,huffingtonpost.co.uk,Yes,DOMESTIC ABUSE IN THE MEDIA,https://img.huffingtonpost.com/asset/5bb93470200000c70101ed7c.jpeg?ops=1200_630,HuffPost UK
The media finally has proper guidelines for reporting domestic violence deaths. Here’s why that matters,https://images-stylist.s3-eu-west-1.amazonaws.com/app/uploads/2018/10/08145438/crime-1.jpg,https://www.stylist.co.uk/life/level-up-campaign-change-reporting-domestic-homicides-violence-deaths-media-guidelines-women-killed-by-partners-2/230587,stylist.co.uk,Yes,DOMESTIC ABUSE IN THE MEDIA,https://images-stylist.s3-eu-west-1.amazonaws.com/app/uploads/2018/10/08145438/crime-1.jpg,
"I’ve met a lot of wife killers and murder is never a ‘crime of passion’, believe me",https://www.telegraph.co.uk/content/dam/women/2018/10/08/TELEMMGLPICT000170261776_trans_NvBQzQNjv4BqpVlberWd9EgFPZtcLiMQfyf2A9a6I9YchsjMeADBa08.jpeg?impolicy=logo-overlay,https://www.telegraph.co.uk/women/life/met-lot-wife-killers-murder-never-crime-passion-believe/,telegraph.co.uk,Yes,DOMESTIC ABUSE IN THE MEDIA,https://www.telegraph.co.uk/content/dam/women/2018/10/08/TELEMMGLPICT000170261776_trans_NvBQzQNjv4BqpVlberWd9EgFPZtcLiMQfyf2A9a6I9YchsjMeADBa08.jpeg?impolicy=logo-overlay,The Telegraph
The media makes excuses for men who kill women. Here’s how to stop it,"https://i.kinja-img.com/image/upload/c_fill,h_675,pg_1,q_80,w_1200/2ff1920de5632f1daf1b34d1216e3968.jpg",https://qz.com/1416958/theres-no-such-thing-as-a-perfect-husband-who-suddenly-commits-domestic-violence/,qz.com,Yes,DOMESTIC ABUSE IN THE MEDIA,"https://i.kinja-img.com/image/upload/c_fill,h_675,pg_1,q_80,w_1200/2ff1920de5632f1daf1b34d1216e3968.jpg",Quartz
HMP Bronzefield Surrey protest calls for ‘no more babies in prison’,https://ichef.bbci.co.uk/news/1024/branded_news/46D2/production/_109103181_hmpbronzefield.jpg,https://www.bbc.com/news/uk-england-surrey-63025914,bbc.com,Yes,PREGNANCY IN PRISON,https://ichef.bbci.co.uk/news/1024/branded_news/46D2/production/_109103181_hmpbronzefield.jpg,BBC
‘Child’s birthday party’ protest outside prison to demonstrate against jailing pregnant women and new mothers,https://e3.365dm.com/22/09/1600x900/skynews-hmp-bronzefield-surrey_5910063.jpg?20220924202808,https://news.sky.com/story/childs-birthday-party-protest-outside-prison-to-demonstrate-against-jailing-pregnant-women-and-new-mothers-12704801,news.sky.com,Yes,PREGNANCY IN PRISON,https://e3.365dm.com/22/09/1600x900/skynews-hmp-bronzefield-surrey_5910063.jpg?20220924202808,Sky News
Protesters gather at HMP Bronzefield to call for end to pregnant women in prison,https://static.standard.co.uk/2022/09/24/17/24173348-7630e365-505b-4bca-848f-b1bfa527eb07.jpg?width=1200&auto=webp&quality=75,https://www.standard.co.uk/news/crime/hmp-bronzefield-activists-emma-hughes-evans-surrey-b1027886.html,standard.co.uk,Yes,PREGNANCY IN PRISON,https://static.standard.co.uk/2022/09/24/17/24173348-7630e365-505b-4bca-848f-b1bfa527eb07.jpg?width=1200&auto=webp&quality=75,The Evening Standard
Urgent call for review into sentencing pregnant women due to health risks,https://i.guim.co.uk/img/media/e2d014c3362e1c44e13de40a1523a7fb93e9a653/0_30_3500_2101/master/3500.jpg?width=1200&height=630&quality=85&auto=format&fit=crop&overlay-align=bottom%2Cleft&overlay-width=100p&overlay-base64=L2ltZy9zdGF0aWMvb3ZlcmxheXMvdG8tYWdlLTIwMjIucG5n&enable=upscale&s=4151e980803c48be5da7dd435476998f,https://www.theguardian.com/society/2022/sep/24/urgent-call-for-review-into-sentencing-pregnant-women-due-to-health-risks,theguardian.com,Yes,PREGNANCY IN PRISON,https://i.guim.co.uk/img/media/e2d014c3362e1c44e13de40a1523a7fb93e9a653/0_30_3500_2101/master/3500.jpg?width=1200&height=630&quality=85&auto=format&fit=crop&overlay-align=bottom%2Cleft&overlay-width=100p&overlay-base64=L2ltZy9zdGF0aWMvb3ZlcmxheXMvdG8tYWdlLTIwMjIucG5n&enable=upscale&s=4151e980803c48be5da7dd435476998f,The Guardian
